"photo_id","file_name","file_path","source_file","latitude","longitude","elevation","bearing","horizontal_accuracy","taken_local","taken_offset","taken_gps_utc","orientation","source_width","source_height"
"IMG_3863_60eec27f","IMG_3863_60eec27f.avif","/Users/brianevans/gits/nest_study/data/photos/bulk/IMG_3863_60eec27f.avif","/var/folders/86/7sclq8nd6yqf0vkrmklt0lnh0000gn/T//nest_photo_export.AX8s0X/exported/IMG_3863.jpeg","38.8951944444444","-78.1651527777778","341.0375195","20.10726549","4.748651529","2026-07-25T09:45:45","-04:00","2026-07-25T13:45:43","1","3024","4032"
"IMG_4060_0185ee21","IMG_4060_0185ee21.avif","/Users/brianevans/gits/nest_study/data/photos/bulk/IMG_4060_0185ee21.avif","/var/folders/86/7sclq8nd6yqf0vkrmklt0lnh0000gn/T//nest_photo_export.AX8s0X/exported/IMG_4060.jpeg","38.8906861111111","-78.1631","337.105462","320.6872557","4.748651537","2026-08-05T07:19:10","-04:00","2026-08-05T11:19:10","1","3024","4032"
"IMG_3731_f2eb6fbf","IMG_3731_f2eb6fbf.avif","/Users/brianevans/gits/nest_study/data/photos/bulk/IMG_3731_f2eb6fbf.avif","/var/folders/86/7sclq8nd6yqf0vkrmklt0lnh0000gn/T//nest_photo_export.AX8s0X/exported/IMG_3731.jpeg","38.891225","-78.1597583333333","303.5736724","354.9330747","4.748651542","2026-07-01T11:38:00","-04:00","2026-07-01T15:38:00","1","3024","4032"
"IMG_3766_f1e07ae0","IMG_3766_f1e07ae0.avif","/Users/brianevans/gits/nest_study/data/photos/bulk/IMG_3766_f1e07ae0.avif","/var/folders/86/7sclq8nd6yqf0vkrmklt0lnh0000gn/T//nest_photo_export.AX8s0X/exported/IMG_3766.jpeg","38.8955194444444","-78.1567916666667","362.6075867","250.5663912","4.748651528","2026-07-08T07:01:49","-04:00","2026-07-08T11:01:48","1","3024","4032"
"IMG_3496_2b02ccbe","IMG_3496_2b02ccbe.avif","/Users/brianevans/gits/nest_study/data/photos/bulk/IMG_3496_2b02ccbe.avif","/var/folders/86/7sclq8nd6yqf0vkrmklt0lnh0000gn/T//nest_photo_export.AX8s0X/exported/IMG_3496.jpeg","38.9916638888889","-76.9986888888889","61.50794427","131.2400665","12.45738921","2026-06-02T17:47:04","-04:00","2026-06-02T21:47:03","1","3024","4032"
"IMG_3711_d79c37aa","IMG_3711_d79c37aa.avif","/Users/brianevans/gits/nest_study/data/photos/bulk/IMG_3711_d79c37aa.avif","/var/folders/86/7sclq8nd6yqf0vkrmklt0lnh0000gn/T//nest_photo_export.AX8s0X/exported/IMG_3711.jpeg","38.8920388888889","-78.1584694444444","327.5755702","131.5193939","4.748651531","2026-07-01T09:59:02","-04:00","2026-07-01T13:59:01","1","4032","3024"
"IMG_3814_f51ce08d","IMG_3814_f51ce08d.avif","/Users/brianevans/gits/nest_study/data/photos/bulk/IMG_3814_f51ce08d.avif","/var/folders/86/7sclq8nd6yqf0vkrmklt0lnh0000gn/T//nest_photo_export.AX8s0X/exported/IMG_3814.jpeg","38.8912083333333","-78.1597527777778","323.8874062","21.4862175","4.748651545","2026-07-11T10:16:21","-04:00","2026-07-11T14:16:20","1","3024","4032"
"IMG_3815_00b782c4","IMG_3815_00b782c4.avif","/Users/brianevans/gits/nest_study/data/photos/bulk/IMG_3815_00b782c4.avif","/var/folders/86/7sclq8nd6yqf0vkrmklt0lnh0000gn/T//nest_photo_export.AX8s0X/exported/IMG_3815.jpeg","38.8910222222222","-78.1595694444444","316.6667856","22.45791246","4.748651539","2026-07-11T10:25:53","-04:00","2026-07-11T14:25:53","1","3024","4032"
"IMG_4057_d93087ac","IMG_4057_d93087ac.avif","/Users/brianevans/gits/nest_study/data/photos/bulk/IMG_4057_d93087ac.avif","/var/folders/86/7sclq8nd6yqf0vkrmklt0lnh0000gn/T//nest_photo_export.AX8s0X/exported/IMG_4057.jpeg","38.8946611111111","-78.1657638888889","327.4260635","324.7505037","4.748651528","2026-08-01T11:22:09","-04:00","2026-08-01T15:22:08","1","4032","3024"
"IMG_3507_6373de17","IMG_3507_6373de17.avif","/Users/brianevans/gits/nest_study/data/photos/bulk/IMG_3507_6373de17.avif","/var/folders/86/7sclq8nd6yqf0vkrmklt0lnh0000gn/T//nest_photo_export.AX8s0X/exported/IMG_3507.jpeg","38.8955333333333","-78.1638027777778","362.8561686","26.73510742","4.74865152","2026-06-03T13:17:57","-04:00","2026-06-03T17:17:55","1","2316","3088"
"IMG_3481_1d6a6b84","IMG_3481_1d6a6b84.avif","/Users/brianevans/gits/nest_study/data/photos/bulk/IMG_3481_1d6a6b84.avif","/var/folders/86/7sclq8nd6yqf0vkrmklt0lnh0000gn/T//nest_photo_export.AX8s0X/exported/IMG_3481.jpeg","38.8927722222222","-78.1717388888889","254.7171373","355.3879089","4.748651528","2026-05-30T06:25:14","-04:00","2026-05-30T10:25:13","1","3024","4032"
"IMG_3839_7b7f5817","IMG_3839_7b7f5817.avif","/Users/brianevans/gits/nest_study/data/photos/bulk/IMG_3839_7b7f5817.avif","/var/folders/86/7sclq8nd6yqf0vkrmklt0lnh0000gn/T//nest_photo_export.AX8s0X/exported/IMG_3839.jpeg","38.8927166666667","-78.1717388888889","266.0768278","14.91314985","4.748651516","2026-07-18T09:04:00","-04:00","2026-07-18T13:03:59","1","3024","4032"
"IMG_3730_2cc62f83","IMG_3730_2cc62f83.avif","/Users/brianevans/gits/nest_study/data/photos/bulk/IMG_3730_2cc62f83.avif","/var/folders/86/7sclq8nd6yqf0vkrmklt0lnh0000gn/T//nest_photo_export.AX8s0X/exported/IMG_3730.jpeg","38.8912666666667","-78.1601194444444","327.4446033","270.2683716","4.748651528","2026-07-01T11:12:06","-04:00","2026-07-01T15:12:04","1","3024","4032"
"IMG_3659_207232f5","IMG_3659_207232f5.avif","/Users/brianevans/gits/nest_study/data/photos/bulk/IMG_3659_207232f5.avif","/var/folders/86/7sclq8nd6yqf0vkrmklt0lnh0000gn/T//nest_photo_export.AX8s0X/exported/IMG_3659.jpeg","38.9935944444444","-76.9987944444444","64.25036788","45.06134032","8.513241365","2026-06-25T18:08:37","-04:00","2026-06-25T22:08:36","1","3024","4032"
"IMG_3435_648a6e24","IMG_3435_648a6e24.avif","/Users/brianevans/gits/nest_study/data/photos/bulk/IMG_3435_648a6e24.avif","/var/folders/86/7sclq8nd6yqf0vkrmklt0lnh0000gn/T//nest_photo_export.AX8s0X/exported/IMG_3435.jpeg","38.8951111111111","-78.1642305555556","357.0224495","211.8435059","4.853644038","2026-05-20T11:05:52","-04:00","2026-05-20T15:05:51","1","4032","3024"
"IMG_3490_7f196184","IMG_3490_7f196184.avif","/Users/brianevans/gits/nest_study/data/photos/bulk/IMG_3490_7f196184.avif","/var/folders/86/7sclq8nd6yqf0vkrmklt0lnh0000gn/T//nest_photo_export.AX8s0X/exported/IMG_3490.jpeg","38.8978583333333","-78.1508111111111","290.2142354","298.8806763","3.464128373","2026-05-30T14:29:50","-04:00","2026-05-30T18:29:50","1","3024","4032"
"IMG_3652_ec22952c","IMG_3652_ec22952c.avif","/Users/brianevans/gits/nest_study/data/photos/bulk/IMG_3652_ec22952c.avif","/var/folders/86/7sclq8nd6yqf0vkrmklt0lnh0000gn/T//nest_photo_export.AX8s0X/exported/IMG_3652.jpeg","38.8913222222222","-78.1601194444444","326.2240061","299.4998779","40.84011264","2026-06-20T11:03:33","-04:00","2026-06-20T15:03:32","1","3024","4032"
"IMG_3828_a8d6e9a6","IMG_3828_a8d6e9a6.avif","/Users/brianevans/gits/nest_study/data/photos/bulk/IMG_3828_a8d6e9a6.avif","/var/folders/86/7sclq8nd6yqf0vkrmklt0lnh0000gn/T//nest_photo_export.AX8s0X/exported/IMG_3828.jpeg","38.8964833333333","-78.166175","339.2368334","235.5689238","4.748651527","2026-07-16T08:51:57","-04:00","2026-07-16T12:51:56","1","3024","4032"
"IMG_3691_4e1ce454","IMG_3691_4e1ce454.avif","/Users/brianevans/gits/nest_study/data/photos/bulk/IMG_3691_4e1ce454.avif","/var/folders/86/7sclq8nd6yqf0vkrmklt0lnh0000gn/T//nest_photo_export.AX8s0X/exported/IMG_3691.jpeg","38.8977916666667","-78.1526555555556","296.2313489","49.90515901","4.748651528","2026-06-27T12:31:59","-04:00","2026-06-27T16:31:58","1","3024","4032"
"IMG_5591_1b2b7bb7","IMG_5591_1b2b7bb7.avif","/Users/brianevans/gits/nest_study/data/photos/bulk/IMG_5591_1b2b7bb7.avif","/var/folders/86/7sclq8nd6yqf0vkrmklt0lnh0000gn/T//nest_photo_export.AX8s0X/exported/IMG_5591.jpeg","","","","","","2026-05-31T17:26:17","-04:00","","1","3024","4032"
"IMG_3500_d9e31cad","IMG_3500_d9e31cad.avif","/Users/brianevans/gits/nest_study/data/photos/bulk/IMG_3500_d9e31cad.avif","/var/folders/86/7sclq8nd6yqf0vkrmklt0lnh0000gn/T//nest_photo_export.AX8s0X/exported/IMG_3500.jpeg","38.9923083333333","-76.9975583333333","67.37108177","39.43317412","4.748651528","2026-06-02T17:59:30","-04:00","2026-06-02T21:59:30","1","4284","5712"
"IMG_3668_84be71db","IMG_3668_84be71db.avif","/Users/brianevans/gits/nest_study/data/photos/bulk/IMG_3668_84be71db.avif","/var/folders/86/7sclq8nd6yqf0vkrmklt0lnh0000gn/T//nest_photo_export.AX8s0X/exported/IMG_3668.jpeg","38.8912861111111","-78.1600583333333","335.74885","321.3790281","4.748651516","2026-06-27T08:59:01","-04:00","2026-06-27T12:59:00","1","3024","4032"
"IMG_8680_0dba5956","IMG_8680_0dba5956.avif","/Users/brianevans/gits/nest_study/data/photos/bulk/IMG_8680_0dba5956.avif","/var/folders/86/7sclq8nd6yqf0vkrmklt0lnh0000gn/T//nest_photo_export.AX8s0X/exported/IMG_8680.jpeg","38.8958972222222","-78.1548694444444","321.2581747","209.7351074","3.535166359","2026-06-29T08:03:19","-04:00","2026-06-29T12:03:19","1","3024","4032"
"IMG_3832_5ab999fa","IMG_3832_5ab999fa.avif","/Users/brianevans/gits/nest_study/data/photos/bulk/IMG_3832_5ab999fa.avif","/var/folders/86/7sclq8nd6yqf0vkrmklt0lnh0000gn/T//nest_photo_export.AX8s0X/exported/IMG_3832.jpeg","38.89225","-78.1718611111111","255.5344105","174.1776734","4.748651528","2026-07-16T12:50:42","-04:00","2026-07-16T16:50:40","1","4032","3024"
"IMG_3737_ebb63de8","IMG_3737_ebb63de8.avif","/Users/brianevans/gits/nest_study/data/photos/bulk/IMG_3737_ebb63de8.avif","/var/folders/86/7sclq8nd6yqf0vkrmklt0lnh0000gn/T//nest_photo_export.AX8s0X/exported/IMG_3737.jpeg","38.8915833333333","-78.1723166666667","253.6905066","114.3887863","4.748651528","2026-07-04T08:23:41","-04:00","2026-07-04T12:23:40","1","3024","4032"
"IMG_3408_f26c0755","IMG_3408_f26c0755.avif","/Users/brianevans/gits/nest_study/data/photos/bulk/IMG_3408_f26c0755.avif","/var/folders/86/7sclq8nd6yqf0vkrmklt0lnh0000gn/T//nest_photo_export.AX8s0X/exported/IMG_3408.jpeg","38.8971027777778","-78.150725","283.2351454","288.1686099","4.748651528","2026-05-11T12:51:42","-04:00","2026-05-11T16:51:40","1","3024","4032"
"IMG_3409_7f5d1149","IMG_3409_7f5d1149.avif","/Users/brianevans/gits/nest_study/data/photos/bulk/IMG_3409_7f5d1149.avif","/var/folders/86/7sclq8nd6yqf0vkrmklt0lnh0000gn/T//nest_photo_export.AX8s0X/exported/IMG_3409.jpeg","38.8970944444444","-78.1507333333333","286.8929104","289.4368591","5.311715665","2026-05-11T12:52:11","-04:00","2026-05-11T16:52:10","1","3024","4032"
"IMG_3576_c0fdd2ec","IMG_3576_c0fdd2ec.avif","/Users/brianevans/gits/nest_study/data/photos/bulk/IMG_3576_c0fdd2ec.avif","/var/folders/86/7sclq8nd6yqf0vkrmklt0lnh0000gn/T//nest_photo_export.AX8s0X/exported/IMG_3576.jpeg","38.8946138888889","-78.157975","357.3507415","325.2296753","3.628108012","2026-06-12T15:23:51","-04:00","2026-06-12T19:23:50","1","3024","4032"
"IMG_3501_79908d86","IMG_3501_79908d86.avif","/Users/brianevans/gits/nest_study/data/photos/bulk/IMG_3501_79908d86.avif","/var/folders/86/7sclq8nd6yqf0vkrmklt0lnh0000gn/T//nest_photo_export.AX8s0X/exported/IMG_3501.jpeg","38.9948083333333","-76.9997722222222","93.25909784","36.13770295","23.72482251","2026-06-02T18:11:33","-04:00","2026-06-02T22:11:32","1","3024","4032"
"IMG_3556_6b850724","IMG_3556_6b850724.avif","/Users/brianevans/gits/nest_study/data/photos/bulk/IMG_3556_6b850724.avif","/var/folders/86/7sclq8nd6yqf0vkrmklt0lnh0000gn/T//nest_photo_export.AX8s0X/exported/IMG_3556.jpeg","38.89845","-78.1508722222222","269.667992","351.3964539","4.753317355","2026-06-10T13:37:14","-04:00","2026-06-10T17:37:10","1","3024","4032"
"IMG_3700_e1425c61","IMG_3700_e1425c61.avif","/Users/brianevans/gits/nest_study/data/photos/bulk/IMG_3700_e1425c61.avif","/var/folders/86/7sclq8nd6yqf0vkrmklt0lnh0000gn/T//nest_photo_export.AX8s0X/exported/IMG_3700.jpeg","38.8917055555556","-78.1721805555556","254.9558803","79.68934629","4.748651528","2026-07-01T05:57:36","-04:00","2026-07-01T09:57:36","1","3024","4032"
"IMG_3543_8ccad857","IMG_3543_8ccad857.avif","/Users/brianevans/gits/nest_study/data/photos/bulk/IMG_3543_8ccad857.avif","/var/folders/86/7sclq8nd6yqf0vkrmklt0lnh0000gn/T//nest_photo_export.AX8s0X/exported/IMG_3543.jpeg","38.8937805555556","-78.1662833333333","305.867236","129.3890382","3.247547302","2026-06-06T14:29:57","-04:00","2026-06-06T18:29:57","1","5712","4284"
"IMG_3502_d9c6d491","IMG_3502_d9c6d491.avif","/Users/brianevans/gits/nest_study/data/photos/bulk/IMG_3502_d9c6d491.avif","/var/folders/86/7sclq8nd6yqf0vkrmklt0lnh0000gn/T//nest_photo_export.AX8s0X/exported/IMG_3502.jpeg","38.8911555555556","-78.1597138888889","321.7870662","53.93205265","14.9556473","2026-06-03T09:45:54","-04:00","2026-06-03T13:45:54","1","3024","4032"
"IMG_3555_5ee5b5e3","IMG_3555_5ee5b5e3.avif","/Users/brianevans/gits/nest_study/data/photos/bulk/IMG_3555_5ee5b5e3.avif","/var/folders/86/7sclq8nd6yqf0vkrmklt0lnh0000gn/T//nest_photo_export.AX8s0X/exported/IMG_3555.jpeg","38.8984388888889","-78.1509555555556","281.6580922","92.66271689","20.05661524","2026-06-10T13:36:58","-04:00","2026-06-10T17:36:56","1","4032","3024"
"IMG_4068_6afb4472","IMG_4068_6afb4472.avif","/Users/brianevans/gits/nest_study/data/photos/bulk/IMG_4068_6afb4472.avif","/var/folders/86/7sclq8nd6yqf0vkrmklt0lnh0000gn/T//nest_photo_export.AX8s0X/exported/IMG_4068.jpeg","38.8952","-78.1651472222222","335.0623756","21.14143753","4.748651527","2026-08-05T13:20:25","-04:00","2026-08-05T17:20:24","1","4284","5712"
"IMG_3518_2759ed7e","IMG_3518_2759ed7e.avif","/Users/brianevans/gits/nest_study/data/photos/bulk/IMG_3518_2759ed7e.avif","/var/folders/86/7sclq8nd6yqf0vkrmklt0lnh0000gn/T//nest_photo_export.AX8s0X/exported/IMG_3518.jpeg","38.8930138888889","-78.1565944444445","346.1405551","32.71905519","3.755957558","2026-06-06T09:34:29","-04:00","2026-06-06T13:34:29","1","4032","3024"
"IMG_3488_2d28f67d","IMG_3488_2d28f67d.avif","/Users/brianevans/gits/nest_study/data/photos/bulk/IMG_3488_2d28f67d.avif","/var/folders/86/7sclq8nd6yqf0vkrmklt0lnh0000gn/T//nest_photo_export.AX8s0X/exported/IMG_3488.jpeg","38.8970972222222","-78.1507416666667","277.5559465","304.2924498","4.742388475","2026-05-30T12:12:15","-04:00","2026-05-30T16:12:14","1","3024","4032"
"IMG_3430_ea9cff32","IMG_3430_ea9cff32.avif","/Users/brianevans/gits/nest_study/data/photos/bulk/IMG_3430_ea9cff32.avif","/var/folders/86/7sclq8nd6yqf0vkrmklt0lnh0000gn/T//nest_photo_export.AX8s0X/exported/IMG_3430.jpeg","38.8978305555556","-78.1595916666667","354.0917962","326.8456113","4.808505036","2026-05-20T08:18:57","-04:00","2026-05-20T12:18:56","1","3213","5712"
"IMG_3826_43159d13","IMG_3826_43159d13.avif","/Users/brianevans/gits/nest_study/data/photos/bulk/IMG_3826_43159d13.avif","/var/folders/86/7sclq8nd6yqf0vkrmklt0lnh0000gn/T//nest_photo_export.AX8s0X/exported/IMG_3826.jpeg","38.8956944444444","-78.1671972222222","329.3798417","108.4685039","4.748651528","2026-07-16T07:56:02","-04:00","2026-07-16T11:56:00","1","4032","3024"
"IMG_3426_ae457ef0","IMG_3426_ae457ef0.avif","/Users/brianevans/gits/nest_study/data/photos/bulk/IMG_3426_ae457ef0.avif","/var/folders/86/7sclq8nd6yqf0vkrmklt0lnh0000gn/T//nest_photo_export.AX8s0X/exported/IMG_3426.jpeg","38.9941305555556","-76.9988333333333","65.28131299","357.8356021","9.043824337","2026-05-15T09:43:43","-04:00","2026-05-15T13:43:41","1","3024","4032"
"IMG_3827_157e4fde","IMG_3827_157e4fde.avif","/Users/brianevans/gits/nest_study/data/photos/bulk/IMG_3827_157e4fde.avif","/var/folders/86/7sclq8nd6yqf0vkrmklt0lnh0000gn/T//nest_photo_export.AX8s0X/exported/IMG_3827.jpeg","38.8964833333333","-78.1661833333333","341.0734536","263.9884032","4.748651528","2026-07-16T08:51:40","-04:00","2026-07-16T12:51:39","1","3024","4032"
"IMG_3489_3540c9b6","IMG_3489_3540c9b6.avif","/Users/brianevans/gits/nest_study/data/photos/bulk/IMG_3489_3540c9b6.avif","/var/folders/86/7sclq8nd6yqf0vkrmklt0lnh0000gn/T//nest_photo_export.AX8s0X/exported/IMG_3489.jpeg","38.8971583333333","-78.1507722222222","282.7967765","266.8640137","2.83695314","2026-05-30T12:13:12","-04:00","2026-05-30T16:13:12","1","3024","4032"
"IMG_7448_f42420f4","IMG_7448_f42420f4.avif","/Users/brianevans/gits/nest_study/data/photos/bulk/IMG_7448_f42420f4.avif","/var/folders/86/7sclq8nd6yqf0vkrmklt0lnh0000gn/T//nest_photo_export.AX8s0X/exported/IMG_7448.jpeg","38.8957361111111","-78.1671916666667","330.6489104","310.3535463","4.73377485","2026-05-13T08:12:18","-04:00","2026-05-13T12:12:18","1","3024","4032"
"IMG_4069_3fdff14c","IMG_4069_3fdff14c.avif","/Users/brianevans/gits/nest_study/data/photos/bulk/IMG_4069_3fdff14c.avif","/var/folders/86/7sclq8nd6yqf0vkrmklt0lnh0000gn/T//nest_photo_export.AX8s0X/exported/IMG_4069.jpeg","38.8946583333333","-78.1657638888889","321.4711359","208.220932","4.748651528","2026-08-05T13:42:04","-04:00","2026-08-05T17:42:03","1","3024","4032"
"IMG_3846_0a99ba4e","IMG_3846_0a99ba4e.avif","/Users/brianevans/gits/nest_study/data/photos/bulk/IMG_3846_0a99ba4e.avif","/var/folders/86/7sclq8nd6yqf0vkrmklt0lnh0000gn/T//nest_photo_export.AX8s0X/exported/IMG_3846.jpeg","38.8959527777778","-78.1601944444444","373.3","307.0432432","5","2026-07-22T06:20:21","-04:00","2026-07-22T10:20:17","1","3024","4032"
"IMG_3542_baf69246","IMG_3542_baf69246.avif","/Users/brianevans/gits/nest_study/data/photos/bulk/IMG_3542_baf69246.avif","/var/folders/86/7sclq8nd6yqf0vkrmklt0lnh0000gn/T//nest_photo_export.AX8s0X/exported/IMG_3542.jpeg","38.8938305555556","-78.1576833333333","343.1377577","356.3848878","4.618695787","2026-06-06T12:32:00","-04:00","2026-06-06T16:31:59","1","3024","4032"
"IMG_3407_a7dcbd2c","IMG_3407_a7dcbd2c.avif","/Users/brianevans/gits/nest_study/data/photos/bulk/IMG_3407_a7dcbd2c.avif","/var/folders/86/7sclq8nd6yqf0vkrmklt0lnh0000gn/T//nest_photo_export.AX8s0X/exported/IMG_3407.jpeg","38.8971027777778","-78.150725","283.2351454","286.3161926","4.748651528","2026-05-11T12:51:41","-04:00","2026-05-11T16:51:40","1","3024","4032"
"IMG_3549_286fc58b","IMG_3549_286fc58b.avif","/Users/brianevans/gits/nest_study/data/photos/bulk/IMG_3549_286fc58b.avif","/var/folders/86/7sclq8nd6yqf0vkrmklt0lnh0000gn/T//nest_photo_export.AX8s0X/exported/IMG_3549.jpeg","38.8923805555556","-78.1601416666667","348.6878403","135.8904723","4.748651528","2026-06-10T11:24:55","-04:00","2026-06-10T15:24:55","1","3024","4032"
"IMG_3764_c9b7d186","IMG_3764_c9b7d186.avif","/Users/brianevans/gits/nest_study/data/photos/bulk/IMG_3764_c9b7d186.avif","/var/folders/86/7sclq8nd6yqf0vkrmklt0lnh0000gn/T//nest_photo_export.AX8s0X/exported/IMG_3764.jpeg","38.8956222222222","-78.1573194444444","365.1484932","86.71382142","4.748651528","2026-07-08T06:03:58","-04:00","2026-07-08T10:03:57","1","3024","4032"
"IMG_3508_4b05293c","IMG_3508_4b05293c.avif","/Users/brianevans/gits/nest_study/data/photos/bulk/IMG_3508_4b05293c.avif","/var/folders/86/7sclq8nd6yqf0vkrmklt0lnh0000gn/T//nest_photo_export.AX8s0X/exported/IMG_3508.jpeg","38.8953805555556","-78.1638111111111","362.3622772","181.328949","13.02340609","2026-06-03T13:18:56","-04:00","2026-06-03T17:18:55","1","4032","3024"
"IMG_3733_2f36a913","IMG_3733_2f36a913.avif","/Users/brianevans/gits/nest_study/data/photos/bulk/IMG_3733_2f36a913.avif","/var/folders/86/7sclq8nd6yqf0vkrmklt0lnh0000gn/T//nest_photo_export.AX8s0X/exported/IMG_3733.jpeg","38.8928944444444","-78.1707611111111","272.1866864","53.64950563","4.748651532","2026-07-04T06:11:10","-04:00","2026-07-04T10:11:09","1","4032","3024"
"IMG_3565_dbad241d","IMG_3565_dbad241d.avif","/Users/brianevans/gits/nest_study/data/photos/bulk/IMG_3565_dbad241d.avif","/var/folders/86/7sclq8nd6yqf0vkrmklt0lnh0000gn/T//nest_photo_export.AX8s0X/exported/IMG_3565.jpeg","38.8971833333333","-78.1657722222222","352.2586009","146.0609589","4.522622817","2026-06-12T10:25:05","-04:00","2026-06-12T14:25:05","1","3024","4032"
"IMG_3545_2669c265","IMG_3545_2669c265.avif","/Users/brianevans/gits/nest_study/data/photos/bulk/IMG_3545_2669c265.avif","/var/folders/86/7sclq8nd6yqf0vkrmklt0lnh0000gn/T//nest_photo_export.AX8s0X/exported/IMG_3545.jpeg","38.8938777777778","-78.1662138888889","296.3816897","346.3662109","8.520051058","2026-06-06T14:35:57","-04:00","2026-06-06T18:35:56","1","3024","4032"
"IMG_3768_7241022a","IMG_3768_7241022a.avif","/Users/brianevans/gits/nest_study/data/photos/bulk/IMG_3768_7241022a.avif","/var/folders/86/7sclq8nd6yqf0vkrmklt0lnh0000gn/T//nest_photo_export.AX8s0X/exported/IMG_3768.jpeg","38.8952861111111","-78.1552194444444","330.8980759","309.7649994","4.748651528","2026-07-08T08:45:27","-04:00","2026-07-08T12:45:27","1","2316","3088"
"IMG_3601_b5bb8de7","IMG_3601_b5bb8de7.avif","/Users/brianevans/gits/nest_study/data/photos/bulk/IMG_3601_b5bb8de7.avif","/var/folders/86/7sclq8nd6yqf0vkrmklt0lnh0000gn/T//nest_photo_export.AX8s0X/exported/IMG_3601.jpeg","38.8945055555556","-78.1666416666667","317.6744737","24.61581803","4.810797473","2026-06-17T13:00:31","-04:00","2026-06-17T17:00:30","1","3024","4032"
"IMG_3656_85b4d1c9","IMG_3656_85b4d1c9.avif","/Users/brianevans/gits/nest_study/data/photos/bulk/IMG_3656_85b4d1c9.avif","/var/folders/86/7sclq8nd6yqf0vkrmklt0lnh0000gn/T//nest_photo_export.AX8s0X/exported/IMG_3656.jpeg","38.8982416666667","-78.1512083333333","276.7349995","40.25424193","4.748651528","2026-06-20T12:32:14","-04:00","2026-06-20T16:32:14","1","4032","3024"
"IMG_3494_c24dc236","IMG_3494_c24dc236.avif","/Users/brianevans/gits/nest_study/data/photos/bulk/IMG_3494_c24dc236.avif","/var/folders/86/7sclq8nd6yqf0vkrmklt0lnh0000gn/T//nest_photo_export.AX8s0X/exported/IMG_3494.jpeg","38.9941861111111","-76.9989166666667","64.67573612","107.4696656","12.87664745","2026-06-02T17:32:47","-04:00","2026-06-02T21:32:47","1","3024","4032"
"IMG_3495_ba45685e","IMG_3495_ba45685e.avif","/Users/brianevans/gits/nest_study/data/photos/bulk/IMG_3495_ba45685e.avif","/var/folders/86/7sclq8nd6yqf0vkrmklt0lnh0000gn/T//nest_photo_export.AX8s0X/exported/IMG_3495.jpeg","38.9935694444444","-76.9988111111111","63.31930114","46.85901263","3.797911956","2026-06-02T17:36:57","-04:00","2026-06-02T21:36:56","1","3024","4032"
"IMG_3712_a4395f26","IMG_3712_a4395f26.avif","/Users/brianevans/gits/nest_study/data/photos/bulk/IMG_3712_a4395f26.avif","/var/folders/86/7sclq8nd6yqf0vkrmklt0lnh0000gn/T//nest_photo_export.AX8s0X/exported/IMG_3712.jpeg","38.8920472222222","-78.1584638888889","326.729097","129.9110413","4.748651537","2026-07-01T09:59:07","-04:00","2026-07-01T13:59:06","1","4032","3024"
"IMG_3786_80d12c97","IMG_3786_80d12c97.avif","/Users/brianevans/gits/nest_study/data/photos/bulk/IMG_3786_80d12c97.avif","/var/folders/86/7sclq8nd6yqf0vkrmklt0lnh0000gn/T//nest_photo_export.AX8s0X/exported/IMG_3786.jpeg","38.8895861111111","-78.1636361111111","313.8427012","323.4208065","4.748651527","2026-07-11T06:46:41","-04:00","2026-07-11T10:46:40","1","3024","4032"
"IMG_3544_16ef336a","IMG_3544_16ef336a.avif","/Users/brianevans/gits/nest_study/data/photos/bulk/IMG_3544_16ef336a.avif","/var/folders/86/7sclq8nd6yqf0vkrmklt0lnh0000gn/T//nest_photo_export.AX8s0X/exported/IMG_3544.jpeg","38.8937805555556","-78.1662833333333","305.867236","131.1025848","3.247547302","2026-06-06T14:29:58","-04:00","2026-06-06T18:29:57","1","5712","4284"
"IMG_3860_12589587","IMG_3860_12589587.avif","/Users/brianevans/gits/nest_study/data/photos/bulk/IMG_3860_12589587.avif","/var/folders/86/7sclq8nd6yqf0vkrmklt0lnh0000gn/T//nest_photo_export.AX8s0X/exported/IMG_3860.jpeg","38.8956944444444","-78.1671972222222","326.7479835","54.25398257","4.748651531","2026-07-25T06:16:09","-04:00","2026-07-25T10:16:08","1","3024","4032"
"IMG_3323_0f9ad866","IMG_3323_0f9ad866.avif","/Users/brianevans/gits/nest_study/data/photos/bulk/IMG_3323_0f9ad866.avif","/var/folders/86/7sclq8nd6yqf0vkrmklt0lnh0000gn/T//nest_photo_export.AX8s0X/exported/IMG_3323.jpeg","38.9953805555556","-76.9997861111111","69.0541495","317.519516","11.96072819","2026-04-21T12:05:48","-04:00","2026-04-21T16:05:48","1","3024","4032"
